,dataset,participant,task,step_size,ablation,landmarks,RMSD,mean_motion,std_motion,mean_T2,std_T2,warnings,UCL,task_code,Timestamp,Participant Number (Experimenter Only),"Kind of Experiment  (SUI, LGP, etc.) (Experimenter Only)",Mental Demand ,Physical Demand ,Temporal Demand ,Performance,Effort,Frustration ,average
0,Assembly,S02,LGI_posture.csv,1,full,"[0, 1, 2, 3, 4, 5, 6, 7, 8, 9, 10, 11, 12, 13, 14, 15, 16, 17, 18, 19, 20, 21, 22, 23, 24, 25, 26, 27, 28, 29, 30, 31, 32]",0.622529077,0.684878363,0.622529077,98.90900736,104.1842307,253,137.3328166,LGI,2023/07/26 2:42:35 PM MDT,S02,LGI,40,100,20,10,50,10,38.33333333
1,Assembly,S02,LGI_posture.csv,1,hands_only,"[15, 16, 17, 18, 19, 20, 21, 22]",0.220343743,0.187972651,0.220343743,23.97794118,56.54071588,136,37.48858892,LGI,2023/07/26 2:42:35 PM MDT,S02,LGI,40,100,20,10,50,10,38.33333333
2,Assembly,S02,LGI_posture.csv,1,upper_body,"[11, 12, 13, 14, 15, 16, 17, 18, 19, 20, 21, 22]",0.264727648,0.241844092,0.264727648,35.96691176,67.37771967,164,53.16888127,LGI,2023/07/26 2:42:35 PM MDT,S02,LGI,40,100,20,10,50,10,38.33333333
3,Assembly,S02,LGI_posture.csv,1,lower_body,"[23, 24, 25, 26, 27, 28, 29, 30, 31, 32]",0.318446776,0.256842283,0.318446776,29.97242647,49.29919198,205,45.34932398,LGI,2023/07/26 2:42:35 PM MDT,S02,LGI,40,100,20,10,50,10,38.33333333
4,Assembly,S02,LGI_posture.csv,2,full,"[0, 1, 2, 3, 4, 5, 6, 7, 8, 9, 10, 11, 12, 13, 14, 15, 16, 17, 18, 19, 20, 21, 22, 23, 24, 25, 26, 27, 28, 29, 30, 31, 32]",0.878199176,1.064097789,0.878199176,98.90892366,88.06977553,234,137.3472353,LGI,2023/07/26 2:42:35 PM MDT,S02,LGI,40,100,20,10,50,10,38.33333333
5,Assembly,S02,LGI_posture.csv,2,hands_only,"[15, 16, 17, 18, 19, 20, 21, 22]",0.306359798,0.296797732,0.306359798,23.97792088,46.15596484,146,37.48960404,LGI,2023/07/26 2:42:35 PM MDT,S02,LGI,40,100,20,10,50,10,38.33333333
6,Assembly,S02,LGI_posture.csv,2,upper_body,"[11, 12, 13, 14, 15, 16, 17, 18, 19, 20, 21, 22]",0.370607952,0.385276227,0.370607952,35.96688132,54.91359182,180,53.17095895,LGI,2023/07/26 2:42:35 PM MDT,S02,LGI,40,100,20,10,50,10,38.33333333
7,Assembly,S02,LGI_posture.csv,2,lower_body,"[23, 24, 25, 26, 27, 28, 29, 30, 31, 32]",0.428713804,0.377677362,0.428713804,29.9724011,41.97403672,207,45.35082373,LGI,2023/07/26 2:42:35 PM MDT,S02,LGI,40,100,20,10,50,10,38.33333333
8,Assembly,S02,LGI_posture.csv,4,full,"[0, 1, 2, 3, 4, 5, 6, 7, 8, 9, 10, 11, 12, 13, 14, 15, 16, 17, 18, 19, 20, 21, 22, 23, 24, 25, 26, 27, 28, 29, 30, 31, 32]",1.206317914,1.619611146,1.206317914,98.90875581,75.36532187,232,137.3761612,LGI,2023/07/26 2:42:35 PM MDT,S02,LGI,40,100,20,10,50,10,38.33333333
9,Assembly,S02,LGI_posture.csv,4,hands_only,"[15, 16, 17, 18, 19, 20, 21, 22]",0.418080252,0.45943869,0.418080252,23.97788018,37.00221783,162,37.49164003,LGI,2023/07/26 2:42:35 PM MDT,S02,LGI,40,100,20,10,50,10,38.33333333
10,Assembly,S02,LGI_posture.csv,4,upper_body,"[11, 12, 13, 14, 15, 16, 17, 18, 19, 20, 21, 22]",0.509603905,0.601967277,0.509603905,35.96682028,45.30005263,186,53.17512626,LGI,2023/07/26 2:42:35 PM MDT,S02,LGI,40,100,20,10,50,10,38.33333333
11,Assembly,S02,LGI_posture.csv,4,lower_body,"[23, 24, 25, 26, 27, 28, 29, 30, 31, 32]",0.531405668,0.524145034,0.531405668,29.97235023,36.6030627,207,45.35383179,LGI,2023/07/26 2:42:35 PM MDT,S02,LGI,40,100,20,10,50,10,38.33333333
12,Assembly,S02,SUI_posture.csv,1,full,"[0, 1, 2, 3, 4, 5, 6, 7, 8, 9, 10, 11, 12, 13, 14, 15, 16, 17, 18, 19, 20, 21, 22, 23, 24, 25, 26, 27, 28, 29, 30, 31, 32]",0.275440529,0.25123531,0.275440529,98.88838775,92.90069455,197,140.9753965,SUI,2023/07/26 2:40:39 PM MDT,S02,SUI,40,30,10,10,20,10,20
13,Assembly,S02,SUI_posture.csv,1,hands_only,"[15, 16, 17, 18, 19, 20, 21, 22]",0.110905414,0.086018781,0.110905414,23.9729425,41.14728584,161,37.74020983,SUI,2023/07/26 2:40:39 PM MDT,S02,SUI,40,30,10,10,20,10,20
14,Assembly,S02,SUI_posture.csv,1,upper_body,"[11, 12, 13, 14, 15, 16, 17, 18, 19, 20, 21, 22]",0.146886631,0.116111771,0.146886631,35.95941375,53.89022946,177,53.6853742,SUI,2023/07/26 2:40:39 PM MDT,S02,SUI,40,30,10,10,20,10,20
15,Assembly,S02,SUI_posture.csv,1,lower_body,"[23, 24, 25, 26, 27, 28, 29, 30, 31, 32]",0.025159879,0.030398251,0.025159879,29.96617813,40.28326982,153,45.72160791,SUI,2023/07/26 2:40:39 PM MDT,S02,SUI,40,30,10,10,20,10,20
16,Assembly,S02,SUI_posture.csv,2,full,"[0, 1, 2, 3, 4, 5, 6, 7, 8, 9, 10, 11, 12, 13, 14, 15, 16, 17, 18, 19, 20, 21, 22, 23, 24, 25, 26, 27, 28, 29, 30, 31, 32]",0.408966128,0.402958908,0.408966128,98.88826205,80.97893375,201,140.9982261,SUI,2023/07/26 2:40:39 PM MDT,S02,SUI,40,30,10,10,20,10,20
17,Assembly,S02,SUI_posture.csv,2,hands_only,"[15, 16, 17, 18, 19, 20, 21, 22]",0.166229405,0.137416471,0.166229405,23.97291196,36.0579685,170,37.74175688,SUI,2023/07/26 2:40:39 PM MDT,S02,SUI,40,30,10,10,20,10,20
18,Assembly,S02,SUI_posture.csv,2,upper_body,"[11, 12, 13, 14, 15, 16, 17, 18, 19, 20, 21, 22]",0.219907268,0.186082935,0.219907268,35.95936795,48.20941169,179,53.68855905,SUI,2023/07/26 2:40:39 PM MDT,S02,SUI,40,30,10,10,20,10,20
19,Assembly,S02,SUI_posture.csv,2,lower_body,"[23, 24, 25, 26, 27, 28, 29, 30, 31, 32]",0.035460081,0.049066477,0.035460081,29.96613995,34.82912412,161,45.72390017,SUI,2023/07/26 2:40:39 PM MDT,S02,SUI,40,30,10,10,20,10,20
20,Assembly,S02,SUI_posture.csv,4,full,"[0, 1, 2, 3, 4, 5, 6, 7, 8, 9, 10, 11, 12, 13, 14, 15, 16, 17, 18, 19, 20, 21, 22, 23, 24, 25, 26, 27, 28, 29, 30, 31, 32]",0.578279003,0.613021921,0.578279003,98.88800902,66.14540297,182,141.044062,SUI,2023/07/26 2:40:39 PM MDT,S02,SUI,40,30,10,10,20,10,20
21,Assembly,S02,SUI_posture.csv,4,hands_only,"[15, 16, 17, 18, 19, 20, 21, 22]",0.236345911,0.210832617,0.236345911,23.97285068,30.67385217,164,37.74486183,SUI,2023/07/26 2:40:39 PM MDT,S02,SUI,40,30,10,10,20,10,20
22,Assembly,S02,SUI_posture.csv,4,upper_body,"[11, 12, 13, 14, 15, 16, 17, 18, 19, 20, 21, 22]",0.311767125,0.285696901,0.311767125,35.95927602,41.33910946,176,53.69495143,SUI,2023/07/26 2:40:39 PM MDT,S02,SUI,40,30,10,10,20,10,20
23,Assembly,S02,SUI_posture.csv,4,lower_body,"[23, 24, 25, 26, 27, 28, 29, 30, 31, 32]",0.048717476,0.073345721,0.048717476,29.96606335,29.38891856,168,45.72850089,SUI,2023/07/26 2:40:39 PM MDT,S02,SUI,40,30,10,10,20,10,20
24,Assembly,S02,SGP_posture.csv,1,full,"[0, 1, 2, 3, 4, 5, 6, 7, 8, 9, 10, 11, 12, 13, 14, 15, 16, 17, 18, 19, 20, 21, 22, 23, 24, 25, 26, 27, 28, 29, 30, 31, 32]",0.243773699,0.283409303,0.243773699,98.90060241,93.26331808,225,138.7953315,SGP,2023/07/26 2:40:14 PM MDT,S02,SGP,10,10,20,20,10,10,13.33333333
25,Assembly,S02,SGP_posture.csv,1,hands_only,"[15, 16, 17, 18, 19, 20, 21, 22]",0.124032635,0.117494137,0.124032635,23.97590361,39.91253743,179,37.5907715,SGP,2023/07/26 2:40:14 PM MDT,S02,SGP,10,10,20,20,10,10,13.33333333
26,Assembly,S02,SGP_posture.csv,1,upper_body,"[11, 12, 13, 14, 15, 16, 17, 18, 19, 20, 21, 22]",0.148087175,0.146723553,0.148087175,35.96385542,51.66989989,197,53.3782666,SGP,2023/07/26 2:40:14 PM MDT,S02,SGP,10,10,20,20,10,10,13.33333333
27,Assembly,S02,SGP_posture.csv,1,lower_body,"[23, 24, 25, 26, 27, 28, 29, 30, 31, 32]",0.035411792,0.041608584,0.035411792,29.96987952,40.31008795,169,45.50037771,SGP,2023/07/26 2:40:14 PM MDT,S02,SGP,10,10,20,20,10,10,13.33333333
28,Assembly,S02,SGP_posture.csv,2,full,"[0, 1, 2, 3, 4, 5, 6, 7, 8, 9, 10, 11, 12, 13, 14, 15, 16, 17, 18, 19, 20, 21, 22, 23, 24, 25, 26, 27, 28, 29, 30, 31, 32]",0.347722507,0.432022764,0.347722507,98.90050247,79.5166161,227,138.8128958,SGP,2023/07/26 2:40:14 PM MDT,S02,SGP,10,10,20,20,10,10,13.33333333
29,Assembly,S02,SGP_posture.csv,2,hands_only,"[15, 16, 17, 18, 19, 20, 21, 22]",0.170569497,0.176327199,0.170569497,23.9758794,34.14338526,180,37.59198915,SGP,2023/07/26 2:40:14 PM MDT,S02,SGP,10,10,20,20,10,10,13.33333333
30,Assembly,S02,SGP_posture.csv,2,upper_body,"[11, 12, 13, 14, 15, 16, 17, 18, 19, 20, 21, 22]",0.206951027,0.22141973,0.206951027,35.9638191,44.84657232,202,53.3807647,SGP,2023/07/26 2:40:14 PM MDT,S02,SGP,10,10,20,20,10,10,13.33333333
31,Assembly,S02,SGP_posture.csv,2,lower_body,"[23, 24, 25, 26, 27, 28, 29, 30, 31, 32]",0.046094709,0.064415078,0.046094709,29.96984925,34.1951474,168,45.5021788,SGP,2023/07/26 2:40:14 PM MDT,S02,SGP,10,10,20,20,10,10,13.33333333
32,Assembly,S02,SGP_posture.csv,4,full,"[0, 1, 2, 3, 4, 5, 6, 7, 8, 9, 10, 11, 12, 13, 14, 15, 16, 17, 18, 19, 20, 21, 22, 23, 24, 25, 26, 27, 28, 29, 30, 31, 32]",0.471833401,0.624647692,0.471833401,98.90030203,67.10042042,216,138.8481437,SGP,2023/07/26 2:40:14 PM MDT,S02,SGP,10,10,20,20,10,10,13.33333333
33,Assembly,S02,SGP_posture.csv,4,hands_only,"[15, 16, 17, 18, 19, 20, 21, 22]",0.218125166,0.251313399,0.218125166,23.97583082,28.9233073,183,37.59443204,SGP,2023/07/26 2:40:14 PM MDT,S02,SGP,10,10,20,20,10,10,13.33333333
34,Assembly,S02,SGP_posture.csv,4,upper_body,"[11, 12, 13, 14, 15, 16, 17, 18, 19, 20, 21, 22]",0.268636853,0.317711151,0.268636853,35.96374622,38.77025581,212,53.38577667,SGP,2023/07/26 2:40:14 PM MDT,S02,SGP,10,10,20,20,10,10,13.33333333
35,Assembly,S02,SGP_posture.csv,4,lower_body,"[23, 24, 25, 26, 27, 28, 29, 30, 31, 32]",0.058663287,0.091040307,0.058663287,29.96978852,29.76109861,161,45.50579228,SGP,2023/07/26 2:40:14 PM MDT,S02,SGP,10,10,20,20,10,10,13.33333333
36,Assembly,S02,LUP_posture.csv,1,full,"[0, 1, 2, 3, 4, 5, 6, 7, 8, 9, 10, 11, 12, 13, 14, 15, 16, 17, 18, 19, 20, 21, 22, 23, 24, 25, 26, 27, 28, 29, 30, 31, 32]",0.509176188,0.607068688,0.509176188,98.88115247,96.32709295,210,142.2983555,LUP,2023/07/26 2:43:32 PM MDT,S02,LUP,10,100,10,10,80,10,36.66666667
37,Assembly,S02,LUP_posture.csv,1,hands_only,"[15, 16, 17, 18, 19, 20, 21, 22]",0.197897542,0.176237883,0.197897542,23.97118848,47.73534475,131,37.82926003,LUP,2023/07/26 2:43:32 PM MDT,S02,LUP,10,100,10,10,80,10,36.66666667
38,Assembly,S02,LUP_posture.csv,1,upper_body,"[11, 12, 13, 14, 15, 16, 17, 18, 19, 20, 21, 22]",0.235825515,0.225669339,0.235825515,35.95678271,57.515178,161,53.86888336,LUP,2023/07/26 2:43:32 PM MDT,S02,LUP,10,100,10,10,80,10,36.66666667
39,Assembly,S02,LUP_posture.csv,1,lower_body,"[23, 24, 25, 26, 27, 28, 29, 30, 31, 32]",0.243077703,0.227477333,0.243077703,29.96398559,45.0790944,166,45.85361963,LUP,2023/07/26 2:43:32 PM MDT,S02,LUP,10,100,10,10,80,10,36.66666667
40,Assembly,S02,LUP_posture.csv,2,full,"[0, 1, 2, 3, 4, 5, 6, 7, 8, 9, 10, 11, 12, 13, 14, 15, 16, 17, 18, 19, 20, 21, 22, 23, 24, 25, 26, 27, 28, 29, 30, 31, 32]",0.759286684,0.958936035,0.759286684,98.88100963,82.85100251,215,142.3247166,LUP,2023/07/26 2:43:32 PM MDT,S02,LUP,10,100,10,10,80,10,36.66666667
41,Assembly,S02,LUP_posture.csv,2,hands_only,"[15, 16, 17, 18, 19, 20, 21, 22]",0.290382583,0.280269318,0.290382583,23.97115385,39.97925802,154,37.83102211,LUP,2023/07/26 2:43:32 PM MDT,S02,LUP,10,100,10,10,80,10,36.66666667
42,Assembly,S02,LUP_posture.csv,2,upper_body,"[11, 12, 13, 14, 15, 16, 17, 18, 19, 20, 21, 22]",0.349514106,0.36227542,0.349514106,35.95673077,48.91092371,179,53.87251835,LUP,2023/07/26 2:43:32 PM MDT,S02,LUP,10,100,10,10,80,10,36.66666667
43,Assembly,S02,LUP_posture.csv,2,lower_body,"[23, 24, 25, 26, 27, 28, 29, 30, 31, 32]",0.327830119,0.34111007,0.327830119,29.96394231,37.77099676,177,45.85623318,LUP,2023/07/26 2:43:32 PM MDT,S02,LUP,10,100,10,10,80,10,36.66666667
44,Assembly,S02,LUP_posture.csv,4,full,"[0, 1, 2, 3, 4, 5, 6, 7, 8, 9, 10, 11, 12, 13, 14, 15, 16, 17, 18, 19, 20, 21, 22, 23, 24, 25, 26, 27, 28, 29, 30, 31, 32]",1.122013684,1.489514647,1.122013684,98.88072288,71.67817473,203,142.3776579,LUP,2023/07/26 2:43:32 PM MDT,S02,LUP,10,100,10,10,80,10,36.66666667
45,Assembly,S02,LUP_posture.csv,4,hands_only,"[15, 16, 17, 18, 19, 20, 21, 22]",0.420760197,0.446445978,0.420760197,23.97108434,35.06836571,165,37.83455948,LUP,2023/07/26 2:43:32 PM MDT,S02,LUP,10,100,10,10,80,10,36.66666667
46,Assembly,S02,LUP_posture.csv,4,upper_body,"[11, 12, 13, 14, 15, 16, 17, 18, 19, 20, 21, 22]",0.513803201,0.582182614,0.513803201,35.95662651,42.9072899,191,53.87981603,LUP,2023/07/26 2:43:32 PM MDT,S02,LUP,10,100,10,10,80,10,36.66666667
47,Assembly,S02,LUP_posture.csv,4,lower_body,"[23, 24, 25, 26, 27, 28, 29, 30, 31, 32]",0.422929492,0.482980474,0.422929492,29.96385542,33.2159728,189,45.86148002,LUP,2023/07/26 2:43:32 PM MDT,S02,LUP,10,100,10,10,80,10,36.66666667
48,Assembly,S02,LGP_posture.csv,1,full,"[0, 1, 2, 3, 4, 5, 6, 7, 8, 9, 10, 11, 12, 13, 14, 15, 16, 17, 18, 19, 20, 21, 22, 23, 24, 25, 26, 27, 28, 29, 30, 31, 32]",0.512204785,0.616467617,0.512204785,98.89708941,98.03795421,237,139.4156069,LGP,2023/07/26 2:43:56 PM MDT,S02,LGP,50,100,40,10,100,10,51.66666667
49,Assembly,S02,LGP_posture.csv,1,hands_only,"[15, 16, 17, 18, 19, 20, 21, 22]",0.169491557,0.154208063,0.169491557,23.97505198,48.64404776,157,37.63363663,LGP,2023/07/26 2:43:56 PM MDT,S02,LGP,50,100,40,10,100,10,51.66666667
50,Assembly,S02,LGP_posture.csv,1,upper_body,"[11, 12, 13, 14, 15, 16, 17, 18, 19, 20, 21, 22]",0.20881105,0.204436295,0.20881105,35.96257796,60.68754217,193,53.46624966,LGP,2023/07/26 2:43:56 PM MDT,S02,LGP,50,100,40,10,100,10,51.66666667
51,Assembly,S02,LGP_posture.csv,1,lower_body,"[23, 24, 25, 26, 27, 28, 29, 30, 31, 32]",0.264127163,0.255436949,0.264127163,29.96881497,42.3229105,201,45.56379689,LGP,2023/07/26 2:43:56 PM MDT,S02,LGP,50,100,40,10,100,10,51.66666667
52,Assembly,S02,LGP_posture.csv,2,full,"[0, 1, 2, 3, 4, 5, 6, 7, 8, 9, 10, 11, 12, 13, 14, 15, 16, 17, 18, 19, 20, 21, 22, 23, 24, 25, 26, 27, 28, 29, 30, 31, 32]",0.726061481,0.940069537,0.726061481,98.8969823,83.17213227,251,139.4345991,LGP,2023/07/26 2:43:56 PM MDT,S02,LGP,50,100,40,10,100,10,51.66666667
53,Assembly,S02,LGP_posture.csv,2,hands_only,"[15, 16, 17, 18, 19, 20, 21, 22]",0.241910576,0.24328591,0.241910576,23.97502601,40.57707257,181,37.63494474,LGP,2023/07/26 2:43:56 PM MDT,S02,LGP,50,100,40,10,100,10,51.66666667
54,Assembly,S02,LGP_posture.csv,2,upper_body,"[11, 12, 13, 14, 15, 16, 17, 18, 19, 20, 21, 22]",0.301812481,0.325639281,0.301812481,35.96253902,51.54270625,201,53.46893599,LGP,2023/07/26 2:43:56 PM MDT,S02,LGP,50,100,40,10,100,10,51.66666667
55,Assembly,S02,LGP_posture.csv,2,lower_body,"[23, 24, 25, 26, 27, 28, 29, 30, 31, 32]",0.336466194,0.361182404,0.336466194,29.96878252,35.15661627,202,45.56573272,LGP,2023/07/26 2:43:56 PM MDT,S02,LGP,50,100,40,10,100,10,51.66666667
56,Assembly,S02,LGP_posture.csv,4,full,"[0, 1, 2, 3, 4, 5, 6, 7, 8, 9, 10, 11, 12, 13, 14, 15, 16, 17, 18, 19, 20, 21, 22, 23, 24, 25, 26, 27, 28, 29, 30, 31, 32]",1.051887066,1.450484742,1.051887066,98.89676746,71.38024595,240,139.4727176,LGP,2023/07/26 2:43:56 PM MDT,S02,LGP,50,100,40,10,100,10,51.66666667
57,Assembly,S02,LGP_posture.csv,4,hands_only,"[15, 16, 17, 18, 19, 20, 21, 22]",0.355733297,0.390668283,0.355733297,23.97497393,33.09335345,189,37.63756939,LGP,2023/07/26 2:43:56 PM MDT,S02,LGP,50,100,40,10,100,10,51.66666667
58,Assembly,S02,LGP_posture.csv,4,upper_body,"[11, 12, 13, 14, 15, 16, 17, 18, 19, 20, 21, 22]",0.449781632,0.527626905,0.449781632,35.9624609,42.99718513,213,53.47432622,LGP,2023/07/26 2:43:56 PM MDT,S02,LGP,50,100,40,10,100,10,51.66666667
59,Assembly,S02,LGP_posture.csv,4,lower_body,"[23, 24, 25, 26, 27, 28, 29, 30, 31, 32]",0.43279145,0.506167122,0.43279145,29.96871741,29.73436869,203,45.56961698,LGP,2023/07/26 2:43:56 PM MDT,S02,LGP,50,100,40,10,100,10,51.66666667
60,Assembly,S02,SUP_posture.csv,1,full,"[0, 1, 2, 3, 4, 5, 6, 7, 8, 9, 10, 11, 12, 13, 14, 15, 16, 17, 18, 19, 20, 21, 22, 23, 24, 25, 26, 27, 28, 29, 30, 31, 32]",0.370249193,0.323909604,0.370249193,98.85816632,92.97561594,152,146.6656683,SUP,2023/07/26 2:41:50 PM MDT,S02,SUP,10,10,10,10,10,10,10
61,Assembly,S02,SUP_posture.csv,1,hands_only,"[15, 16, 17, 18, 19, 20, 21, 22]",0.159082352,0.126406108,0.159082352,23.96561605,36.36402332,131,38.11481512,SUP,2023/07/26 2:41:50 PM MDT,S02,SUP,10,10,10,10,10,10,10
62,Assembly,S02,SUP_posture.csv,1,upper_body,"[11, 12, 13, 14, 15, 16, 17, 18, 19, 20, 21, 22]",0.205859412,0.165035119,0.205859412,35.94842407,49.72557899,142,54.45988964,SUP,2023/07/26 2:41:50 PM MDT,S02,SUP,10,10,10,10,10,10,10
63,Assembly,S02,SUP_posture.csv,1,lower_body,"[23, 24, 25, 26, 27, 28, 29, 30, 31, 32]",0.033195832,0.036514773,0.033195832,29.95702006,36.96032234,129,46.27785111,SUP,2023/07/26 2:41:50 PM MDT,S02,SUP,10,10,10,10,10,10,10
64,Assembly,S02,SUP_posture.csv,2,full,"[0, 1, 2, 3, 4, 5, 6, 7, 8, 9, 10, 11, 12, 13, 14, 15, 16, 17, 18, 19, 20, 21, 22, 23, 24, 25, 26, 27, 28, 29, 30, 31, 32]",0.548961716,0.504658425,0.548961716,98.85796248,80.33560108,152,146.7054908,SUP,2023/07/26 2:41:50 PM MDT,S02,SUP,10,10,10,10,10,10,10
65,Assembly,S02,SUP_posture.csv,2,hands_only,"[15, 16, 17, 18, 19, 20, 21, 22]",0.235980224,0.198819187,0.235980224,23.96556671,31.79263516,135,38.11736122,SUP,2023/07/26 2:41:50 PM MDT,S02,SUP,10,10,10,10,10,10,10
66,Assembly,S02,SUP_posture.csv,2,upper_body,"[11, 12, 13, 14, 15, 16, 17, 18, 19, 20, 21, 22]",0.305873013,0.259128702,0.305873013,35.94835007,43.98823454,147,54.46517682,SUP,2023/07/26 2:41:50 PM MDT,S02,SUP,10,10,10,10,10,10,10
67,Assembly,S02,SUP_posture.csv,2,lower_body,"[23, 24, 25, 26, 27, 28, 29, 30, 31, 32]",0.045083562,0.058137503,0.045083562,29.95695839,31.53075542,135,46.28163997,SUP,2023/07/26 2:41:50 PM MDT,S02,SUP,10,10,10,10,10,10,10
68,Assembly,S02,SUP_posture.csv,4,full,"[0, 1, 2, 3, 4, 5, 6, 7, 8, 9, 10, 11, 12, 13, 14, 15, 16, 17, 18, 19, 20, 21, 22, 23, 24, 25, 26, 27, 28, 29, 30, 31, 32]",0.764184067,0.760224091,0.764184067,98.85755355,65.97128387,144,146.7855429,SUP,2023/07/26 2:41:50 PM MDT,S02,SUP,10,10,10,10,10,10,10
69,Assembly,S02,SUP_posture.csv,4,hands_only,"[15, 16, 17, 18, 19, 20, 21, 22]",0.315377945,0.295590045,0.315377945,23.96546763,27.73779037,141,38.12247638,SUP,2023/07/26 2:41:50 PM MDT,S02,SUP,10,10,10,10,10,10,10
70,Assembly,S02,SUP_posture.csv,4,upper_body,"[11, 12, 13, 14, 15, 16, 17, 18, 19, 20, 21, 22]",0.413687556,0.387471264,0.413687556,35.94820144,38.00637426,166,54.47579978,SUP,2023/07/26 2:41:50 PM MDT,S02,SUP,10,10,10,10,10,10,10
71,Assembly,S02,SUP_posture.csv,4,lower_body,"[23, 24, 25, 26, 27, 28, 29, 30, 31, 32]",0.058815564,0.086640908,0.058815564,29.95683453,26.38762088,133,46.28925218,SUP,2023/07/26 2:41:50 PM MDT,S02,SUP,10,10,10,10,10,10,10
72,Assembly,S02,SGI_posture.csv,1,full,"[0, 1, 2, 3, 4, 5, 6, 7, 8, 9, 10, 11, 12, 13, 14, 15, 16, 17, 18, 19, 20, 21, 22, 23, 24, 25, 26, 27, 28, 29, 30, 31, 32]",0.269407887,0.241672995,0.269407887,98.92259572,113.9775608,256,135.0305729,SGI,2023/07/26 2:43:05 PM MDT,S02,SGI,10,10,10,10,30,10,13.33333333
73,Assembly,S02,SGI_posture.csv,1,hands_only,"[15, 16, 17, 18, 19, 20, 21, 22]",0.152534749,0.099342615,0.152534749,23.98123534,48.80144572,190,37.32449294,SGI,2023/07/26 2:43:05 PM MDT,S02,SGI,10,10,10,10,30,10,13.33333333
74,Assembly,S02,SGI_posture.csv,1,upper_body,"[11, 12, 13, 14, 15, 16, 17, 18, 19, 20, 21, 22]",0.177184889,0.125224912,0.177184889,35.97185301,69.29154799,203,52.83365613,SGI,2023/07/26 2:43:05 PM MDT,S02,SGI,10,10,10,10,30,10,13.33333333
75,Assembly,S02,SGI_posture.csv,1,lower_body,"[23, 24, 25, 26, 27, 28, 29, 30, 31, 32]",0.03215502,0.033441767,0.03215502,29.97654418,60.15772209,182,45.10711602,SGI,2023/07/26 2:43:05 PM MDT,S02,SGI,10,10,10,10,30,10,13.33333333
76,Assembly,S02,SGI_posture.csv,2,full,"[0, 1, 2, 3, 4, 5, 6, 7, 8, 9, 10, 11, 12, 13, 14, 15, 16, 17, 18, 19, 20, 21, 22, 23, 24, 25, 26, 27, 28, 29, 30, 31, 32]",0.403727335,0.384243127,0.403727335,98.92253512,97.49854162,258,135.0406684,SGI,2023/07/26 2:43:05 PM MDT,S02,SGI,10,10,10,10,30,10,13.33333333
77,Assembly,S02,SGI_posture.csv,2,hands_only,"[15, 16, 17, 18, 19, 20, 21, 22]",0.233882769,0.15630832,0.233882769,23.98122066,40.52597464,207,37.32522134,SGI,2023/07/26 2:43:05 PM MDT,S02,SGI,10,10,10,10,30,10,13.33333333
78,Assembly,S02,SGI_posture.csv,2,upper_body,"[11, 12, 13, 14, 15, 16, 17, 18, 19, 20, 21, 22]",0.269737324,0.198207018,0.269737324,35.97183099,59.22841434,225,52.83514136,SGI,2023/07/26 2:43:05 PM MDT,S02,SGI,10,10,10,10,30,10,13.33333333
79,Assembly,S02,SGI_posture.csv,2,lower_body,"[23, 24, 25, 26, 27, 28, 29, 30, 31, 32]",0.042606224,0.052767016,0.042606224,29.97652582,50.6485906,189,45.10819014,SGI,2023/07/26 2:43:05 PM MDT,S02,SGI,10,10,10,10,30,10,13.33333333
80,Assembly,S02,SGI_posture.csv,4,full,"[0, 1, 2, 3, 4, 5, 6, 7, 8, 9, 10, 11, 12, 13, 14, 15, 16, 17, 18, 19, 20, 21, 22, 23, 24, 25, 26, 27, 28, 29, 30, 31, 32]",0.605096875,0.587620625,0.605096875,98.92241365,82.73843613,261,135.0609111,SGI,2023/07/26 2:43:05 PM MDT,S02,SGI,10,10,10,10,30,10,13.33333333
81,Assembly,S02,SGI_posture.csv,4,hands_only,"[15, 16, 17, 18, 19, 20, 21, 22]",0.347264683,0.241604175,0.347264683,23.98119122,34.15183545,206,37.32668166,SGI,2023/07/26 2:43:05 PM MDT,S02,SGI,10,10,10,10,30,10,13.33333333
82,Assembly,S02,SGI_posture.csv,4,upper_body,"[11, 12, 13, 14, 15, 16, 17, 18, 19, 20, 21, 22]",0.401154068,0.30608043,0.401154068,35.97178683,49.14729011,241,52.83811906,SGI,2023/07/26 2:43:05 PM MDT,S02,SGI,10,10,10,10,30,10,13.33333333
83,Assembly,S02,SGI_posture.csv,4,lower_body,"[23, 24, 25, 26, 27, 28, 29, 30, 31, 32]",0.054399813,0.077278468,0.054399813,29.97648903,41.65842557,174,45.11034359,SGI,2023/07/26 2:43:05 PM MDT,S02,SGI,10,10,10,10,30,10,13.33333333
84,Assembly,S02,LUI_posture.csv,1,full,"[0, 1, 2, 3, 4, 5, 6, 7, 8, 9, 10, 11, 12, 13, 14, 15, 16, 17, 18, 19, 20, 21, 22, 23, 24, 25, 26, 27, 28, 29, 30, 31, 32]",0.566299469,0.722512459,0.566299469,98.88100963,91.72951515,179,142.3247166,LUI,2023/07/26 2:41:13 PM MDT,S02,LUI,10,80,10,10,80,10,33.33333333
85,Assembly,S02,LUI_posture.csv,1,hands_only,"[15, 16, 17, 18, 19, 20, 21, 22]",0.187525579,0.192644618,0.187525579,23.97115385,41.96551978,131,37.83102211,LUI,2023/07/26 2:41:13 PM MDT,S02,LUI,10,80,10,10,80,10,33.33333333
86,Assembly,S02,LUI_posture.csv,1,upper_body,"[11, 12, 13, 14, 15, 16, 17, 18, 19, 20, 21, 22]",0.230651708,0.250652188,0.230651708,35.95673077,52.65518615,146,53.87251835,LUI,2023/07/26 2:41:13 PM MDT,S02,LUI,10,80,10,10,80,10,33.33333333
87,Assembly,S02,LUI_posture.csv,1,lower_body,"[23, 24, 25, 26, 27, 28, 29, 30, 31, 32]",0.271651133,0.277864328,0.271651133,29.96394231,44.59410807,151,45.85623318,LUI,2023/07/26 2:41:13 PM MDT,S02,LUI,10,80,10,10,80,10,33.33333333
88,Assembly,S02,LUI_posture.csv,2,full,"[0, 1, 2, 3, 4, 5, 6, 7, 8, 9, 10, 11, 12, 13, 14, 15, 16, 17, 18, 19, 20, 21, 22, 23, 24, 25, 26, 27, 28, 29, 30, 31, 32]",0.806360004,1.104354483,0.806360004,98.88086645,75.52732873,178,142.3511506,LUI,2023/07/26 2:41:13 PM MDT,S02,LUI,10,80,10,10,80,10,33.33333333
89,Assembly,S02,LUI_posture.csv,2,hands_only,"[15, 16, 17, 18, 19, 20, 21, 22]",0.277300512,0.304267864,0.277300512,23.97111913,33.78997511,146,37.83278859,LUI,2023/07/26 2:41:13 PM MDT,S02,LUI,10,80,10,10,80,10,33.33333333
90,Assembly,S02,LUI_posture.csv,2,upper_body,"[11, 12, 13, 14, 15, 16, 17, 18, 19, 20, 21, 22]",0.342106423,0.39839523,0.342106423,35.9566787,43.61770384,155,53.87616257,LUI,2023/07/26 2:41:13 PM MDT,S02,LUI,10,80,10,10,80,10,33.33333333
91,Assembly,S02,LUI_posture.csv,2,lower_body,"[23, 24, 25, 26, 27, 28, 29, 30, 31, 32]",0.35840675,0.396758002,0.35840675,29.96389892,36.30773467,161,45.8588533,LUI,2023/07/26 2:41:13 PM MDT,S02,LUI,10,80,10,10,80,10,33.33333333
92,Assembly,S02,LUI_posture.csv,4,full,"[0, 1, 2, 3, 4, 5, 6, 7, 8, 9, 10, 11, 12, 13, 14, 15, 16, 17, 18, 19, 20, 21, 22, 23, 24, 25, 26, 27, 28, 29, 30, 31, 32]",1.174967424,1.670718979,1.174967424,98.88057901,61.84390304,146,142.4042387,LUI,2023/07/26 2:41:13 PM MDT,S02,LUI,10,80,10,10,80,10,33.33333333
93,Assembly,S02,LUI_posture.csv,4,hands_only,"[15, 16, 17, 18, 19, 20, 21, 22]",0.406997787,0.473663042,0.406997787,23.97104946,27.11302855,144,37.8363348,LUI,2023/07/26 2:41:13 PM MDT,S02,LUI,10,80,10,10,80,10,33.33333333
94,Assembly,S02,LUI_posture.csv,4,upper_body,"[11, 12, 13, 14, 15, 16, 17, 18, 19, 20, 21, 22]",0.510513956,0.62534225,0.510513956,35.95657419,35.93624461,169,53.88347879,LUI,2023/07/26 2:41:13 PM MDT,S02,LUI,10,80,10,10,80,10,33.33333333
95,Assembly,S02,LUI_posture.csv,4,lower_body,"[23, 24, 25, 26, 27, 28, 29, 30, 31, 32]",0.435412815,0.537833102,0.435412815,29.96381182,30.19669971,154,45.86411336,LUI,2023/07/26 2:41:13 PM MDT,S02,LUI,10,80,10,10,80,10,33.33333333
96,Assembly,S01,LGI_posture.csv,1,full,"[0, 1, 2, 3, 4, 5, 6, 7, 8, 9, 10, 11, 12, 13, 14, 15, 16, 17, 18, 19, 20, 21, 22, 23, 24, 25, 26, 27, 28, 29, 30, 31, 32]",0.672115115,0.73668823,0.672115115,98.90999999,102.3888978,262,137.1620613,LGI,2023/07/26 2:38:05 PM MDT,S01,LGI,10,20,10,10,10,10,11.66666667
97,Assembly,S01,LGI_posture.csv,1,hands_only,"[15, 16, 17, 18, 19, 20, 21, 22]",0.21559221,0.188196812,0.21559221,23.97818182,46.90574576,176,37.47655548,LGI,2023/07/26 2:38:05 PM MDT,S01,LGI,10,20,10,10,10,10,11.66666667
98,Assembly,S01,LGI_posture.csv,1,upper_body,"[11, 12, 13, 14, 15, 16, 17, 18, 19, 20, 21, 22]",0.270363326,0.253714671,0.270363326,35.96727273,60.39949552,198,53.1442556,LGI,2023/07/26 2:38:05 PM MDT,S01,LGI,10,20,10,10,10,10,11.66666667
99,Assembly,S01,LGI_posture.csv,1,lower_body,"[23, 24, 25, 26, 27, 28, 29, 30, 31, 32]",0.282002917,0.259247691,0.282002917,29.97272727,48.69243383,205,45.33154694,LGI,2023/07/26 2:38:05 PM MDT,S01,LGI,10,20,10,10,10,10,11.66666667
100,Assembly,S01,LGI_posture.csv,2,full,"[0, 1, 2, 3, 4, 5, 6, 7, 8, 9, 10, 11, 12, 13, 14, 15, 16, 17, 18, 19, 20, 21, 22, 23, 24, 25, 26, 27, 28, 29, 30, 31, 32]",0.894960222,1.140499385,0.894960222,98.90991809,87.27571696,282,137.1761329,LGI,2023/07/26 2:38:05 PM MDT,S01,LGI,10,20,10,10,10,10,11.66666667
101,Assembly,S01,LGI_posture.csv,2,hands_only,"[15, 16, 17, 18, 19, 20, 21, 22]",0.279743549,0.294757704,0.279743549,23.97816197,37.45641645,192,37.47754796,LGI,2023/07/26 2:38:05 PM MDT,S01,LGI,10,20,10,10,10,10,11.66666667
102,Assembly,S01,LGI_posture.csv,2,upper_body,"[11, 12, 13, 14, 15, 16, 17, 18, 19, 20, 21, 22]",0.357066624,0.402188118,0.357066624,35.96724295,49.56699374,211,53.14628638,LGI,2023/07/26 2:38:05 PM MDT,S01,LGI,10,20,10,10,10,10,11.66666667
103,Assembly,S01,LGI_posture.csv,2,lower_body,"[23, 24, 25, 26, 27, 28, 29, 30, 31, 32]",0.357120098,0.382604505,0.357120098,29.97270246,40.47127465,210,45.33301303,LGI,2023/07/26 2:38:05 PM MDT,S01,LGI,10,20,10,10,10,10,11.66666667
104,Assembly,S01,LGI_posture.csv,4,full,"[0, 1, 2, 3, 4, 5, 6, 7, 8, 9, 10, 11, 12, 13, 14, 15, 16, 17, 18, 19, 20, 21, 22, 23, 24, 25, 26, 27, 28, 29, 30, 31, 32]",1.233720352,1.776504582,1.233720352,98.90975388,75.17916645,263,137.2043615,LGI,2023/07/26 2:38:05 PM MDT,S01,LGI,10,20,10,10,10,10,11.66666667
105,Assembly,S01,LGI_posture.csv,4,hands_only,"[15, 16, 17, 18, 19, 20, 21, 22]",0.39288698,0.463646858,0.39288698,23.97812215,31.27486222,195,37.47953848,LGI,2023/07/26 2:38:05 PM MDT,S01,LGI,10,20,10,10,10,10,11.66666667
106,Assembly,S01,LGI_posture.csv,4,upper_body,"[11, 12, 13, 14, 15, 16, 17, 18, 19, 20, 21, 22]",0.507368433,0.641325376,0.507368433,35.96718323,41.79973259,213,53.15035948,LGI,2023/07/26 2:38:05 PM MDT,S01,LGI,10,20,10,10,10,10,11.66666667
107,Assembly,S01,LGI_posture.csv,4,lower_body,"[23, 24, 25, 26, 27, 28, 29, 30, 31, 32]",0.449445108,0.546987553,0.449445108,29.97265269,33.80546467,229,45.33595351,LGI,2023/07/26 2:38:05 PM MDT,S01,LGI,10,20,10,10,10,10,11.66666667
108,Assembly,S01,SUI_posture.csv,1,full,"[0, 1, 2, 3, 4, 5, 6, 7, 8, 9, 10, 11, 12, 13, 14, 15, 16, 17, 18, 19, 20, 21, 22, 23, 24, 25, 26, 27, 28, 29, 30, 31, 32]",0.406723181,0.416008832,0.406723181,98.84674926,91.14641765,144,148.9327811,SUI,2023/07/26 2:34:42 PM MDT,S01,SUI,10,10,10,10,20,10,11.66666667
109,Assembly,S01,SUI_posture.csv,1,hands_only,"[15, 16, 17, 18, 19, 20, 21, 22]",0.15088007,0.136439418,0.15088007,23.9628483,42.15149379,116,38.25816266,SUI,2023/07/26 2:34:42 PM MDT,S01,SUI,10,10,10,10,20,10,11.66666667
110,Assembly,S01,SUI_posture.csv,1,upper_body,"[11, 12, 13, 14, 15, 16, 17, 18, 19, 20, 21, 22]",0.19806731,0.18207161,0.19806731,35.94427245,52.24296469,132,54.75804718,SUI,2023/07/26 2:34:42 PM MDT,S01,SUI,10,10,10,10,20,10,11.66666667
111,Assembly,S01,SUI_posture.csv,1,lower_body,"[23, 24, 25, 26, 27, 28, 29, 30, 31, 32]",0.074285572,0.071266584,0.074285572,29.95356037,44.66789314,114,46.49133955,SUI,2023/07/26 2:34:42 PM MDT,S01,SUI,10,10,10,10,20,10,11.66666667
112,Assembly,S01,SUI_posture.csv,2,full,"[0, 1, 2, 3, 4, 5, 6, 7, 8, 9, 10, 11, 12, 13, 14, 15, 16, 17, 18, 19, 20, 21, 22, 23, 24, 25, 26, 27, 28, 29, 30, 31, 32]",0.559685272,0.643874164,0.559685272,98.84651165,77.59753907,143,148.9806832,SUI,2023/07/26 2:34:42 PM MDT,S01,SUI,10,10,10,10,20,10,11.66666667
113,Assembly,S01,SUI_posture.csv,2,hands_only,"[15, 16, 17, 18, 19, 20, 21, 22]",0.207756544,0.209822159,0.207756544,23.9627907,34.74506367,133,38.26115667,SUI,2023/07/26 2:34:42 PM MDT,S01,SUI,10,10,10,10,20,10,11.66666667
114,Assembly,S01,SUI_posture.csv,2,upper_body,"[11, 12, 13, 14, 15, 16, 17, 18, 19, 20, 21, 22]",0.272049057,0.281841428,0.272049057,35.94418605,44.18375519,144,54.76428515,SUI,2023/07/26 2:34:42 PM MDT,S01,SUI,10,10,10,10,20,10,11.66666667
115,Assembly,S01,SUI_posture.csv,2,lower_body,"[23, 24, 25, 26, 27, 28, 29, 30, 31, 32]",0.101003458,0.109861371,0.101003458,29.95348837,38.37484728,118,46.49580229,SUI,2023/07/26 2:34:42 PM MDT,S01,SUI,10,10,10,10,20,10,11.66666667
116,Assembly,S01,SUI_posture.csv,4,full,"[0, 1, 2, 3, 4, 5, 6, 7, 8, 9, 10, 11, 12, 13, 14, 15, 16, 17, 18, 19, 20, 21, 22, 23, 24, 25, 26, 27, 28, 29, 30, 31, 32]",0.7272051,0.92468885,0.7272051,98.84603429,64.19870739,128,149.0770247,SUI,2023/07/26 2:34:42 PM MDT,S01,SUI,10,10,10,10,20,10,11.66666667
117,Assembly,S01,SUI_posture.csv,4,hands_only,"[15, 16, 17, 18, 19, 20, 21, 22]",0.266379522,0.303185662,0.266379522,23.96267496,29.99311895,140,38.26717395,SUI,2023/07/26 2:34:42 PM MDT,S01,SUI,10,10,10,10,20,10,11.66666667
118,Assembly,S01,SUI_posture.csv,4,upper_body,"[11, 12, 13, 14, 15, 16, 17, 18, 19, 20, 21, 22]",0.346882761,0.406311282,0.346882761,35.94401244,38.21520334,141,54.77682339,SUI,2023/07/26 2:34:42 PM MDT,S01,SUI,10,10,10,10,20,10,11.66666667
119,Assembly,S01,SUI_posture.csv,4,lower_body,"[23, 24, 25, 26, 27, 28, 29, 30, 31, 32]",0.139803004,0.159438028,0.139803004,29.9533437,33.25670323,112,46.50477188,SUI,2023/07/26 2:34:42 PM MDT,S01,SUI,10,10,10,10,20,10,11.66666667
120,Assembly,S01,SGP_posture.csv,1,full,"[0, 1, 2, 3, 4, 5, 6, 7, 8, 9, 10, 11, 12, 13, 14, 15, 16, 17, 18, 19, 20, 21, 22, 23, 24, 25, 26, 27, 28, 29, 30, 31, 32]",0.282426566,0.328116759,0.282426566,98.84769235,87.39896787,152,148.7429405,SGP,2023/07/26 2:39:05 PM MDT,S01,SGP,10,10,10,10,10,10,10
121,Assembly,S01,SGP_posture.csv,1,hands_only,"[15, 16, 17, 18, 19, 20, 21, 22]",0.121697696,0.119906933,0.121697696,23.96307692,35.04558114,123,38.24628313,SGP,2023/07/26 2:39:05 PM MDT,S01,SGP,10,10,10,10,10,10,10
122,Assembly,S01,SGP_posture.csv,1,upper_body,"[11, 12, 13, 14, 15, 16, 17, 18, 19, 20, 21, 22]",0.151366149,0.154659059,0.151366149,35.94461538,47.59841437,136,54.73330057,SGP,2023/07/26 2:39:05 PM MDT,S01,SGP,10,10,10,10,10,10,10
123,Assembly,S01,SGP_posture.csv,1,lower_body,"[23, 24, 25, 26, 27, 28, 29, 30, 31, 32]",0.048909891,0.058297156,0.048909891,29.95384615,41.05717085,129,46.4736339,SGP,2023/07/26 2:39:05 PM MDT,S01,SGP,10,10,10,10,10,10,10
124,Assembly,S01,SGP_posture.csv,2,full,"[0, 1, 2, 3, 4, 5, 6, 7, 8, 9, 10, 11, 12, 13, 14, 15, 16, 17, 18, 19, 20, 21, 22, 23, 24, 25, 26, 27, 28, 29, 30, 31, 32]",0.409757107,0.511259906,0.409757107,98.84745753,76.46331017,151,148.7901374,SGP,2023/07/26 2:39:05 PM MDT,S01,SGP,10,10,10,10,10,10,10
125,Assembly,S01,SGP_posture.csv,2,hands_only,"[15, 16, 17, 18, 19, 20, 21, 22]",0.178684522,0.187296448,0.178684522,23.96302003,30.00040557,132,38.24923864,SGP,2023/07/26 2:39:05 PM MDT,S01,SGP,10,10,10,10,10,10,10
126,Assembly,S01,SGP_posture.csv,2,upper_body,"[11, 12, 13, 14, 15, 16, 17, 18, 19, 20, 21, 22]",0.22288615,0.241941767,0.22288615,35.94453005,41.27507464,147,54.73945663,SGP,2023/07/26 2:39:05 PM MDT,S01,SGP,10,10,10,10,10,10,10
127,Assembly,S01,SGP_posture.csv,2,lower_body,"[23, 24, 25, 26, 27, 28, 29, 30, 31, 32]",0.065083082,0.089984801,0.065083082,29.95377504,36.05371912,122,46.47803865,SGP,2023/07/26 2:39:05 PM MDT,S01,SGP,10,10,10,10,10,10,10
128,Assembly,S01,SGP_posture.csv,4,full,"[0, 1, 2, 3, 4, 5, 6, 7, 8, 9, 10, 11, 12, 13, 14, 15, 16, 17, 18, 19, 20, 21, 22, 23, 24, 25, 26, 27, 28, 29, 30, 31, 32]",0.555150583,0.754429256,0.555150583,98.84698596,63.89207705,128,148.8850567,SGP,2023/07/26 2:39:05 PM MDT,S01,SGP,10,10,10,10,10,10,10
129,Assembly,S01,SGP_posture.csv,4,hands_only,"[15, 16, 17, 18, 19, 20, 21, 22]",0.248325932,0.275473553,0.248325932,23.96290572,25.64134911,126,38.25517836,SGP,2023/07/26 2:39:05 PM MDT,S01,SGP,10,10,10,10,10,10,10
130,Assembly,S01,SGP_posture.csv,4,upper_body,"[11, 12, 13, 14, 15, 16, 17, 18, 19, 20, 21, 22]",0.307282322,0.35706521,0.307282322,35.94435858,34.94925358,153,54.75182983,SGP,2023/07/26 2:39:05 PM MDT,S01,SGP,10,10,10,10,10,10,10
131,Assembly,S01,SGP_posture.csv,4,lower_body,"[23, 24, 25, 26, 27, 28, 29, 30, 31, 32]",0.085051355,0.130992205,0.085051355,29.95363215,30.370276,125,46.48689141,SGP,2023/07/26 2:39:05 PM MDT,S01,SGP,10,10,10,10,10,10,10
132,Assembly,S01,LUP_posture.csv,1,full,"[0, 1, 2, 3, 4, 5, 6, 7, 8, 9, 10, 11, 12, 13, 14, 15, 16, 17, 18, 19, 20, 21, 22, 23, 24, 25, 26, 27, 28, 29, 30, 31, 32]",0.596514076,0.721153611,0.596514076,98.83361345,81.14890203,127,151.6266376,LUP,2023/07/26 2:39:42 PM MDT,S01,LUP,10,10,10,10,10,10,10
133,Assembly,S01,LUP_posture.csv,1,hands_only,"[15, 16, 17, 18, 19, 20, 21, 22]",0.227112126,0.203681725,0.227112126,23.95966387,38.58010004,108,38.42435409,LUP,2023/07/26 2:39:42 PM MDT,S01,LUP,10,10,10,10,10,10,10
134,Assembly,S01,LUP_posture.csv,1,upper_body,"[11, 12, 13, 14, 15, 16, 17, 18, 19, 20, 21, 22]",0.276236796,0.266262929,0.276236796,35.9394958,47.33273514,131,55.10496061,LUP,2023/07/26 2:39:42 PM MDT,S01,LUP,10,10,10,10,10,10,10
135,Assembly,S01,LUP_posture.csv,1,lower_body,"[23, 24, 25, 26, 27, 28, 29, 30, 31, 32]",0.249188875,0.254663428,0.249188875,29.94957983,37.86423887,119,46.73929073,LUP,2023/07/26 2:39:42 PM MDT,S01,LUP,10,10,10,10,10,10,10
136,Assembly,S01,LUP_posture.csv,2,full,"[0, 1, 2, 3, 4, 5, 6, 7, 8, 9, 10, 11, 12, 13, 14, 15, 16, 17, 18, 19, 20, 21, 22, 23, 24, 25, 26, 27, 28, 29, 30, 31, 32]",0.857097506,1.117455855,0.857097506,98.83333335,70.19578774,111,151.6851102,LUP,2023/07/26 2:39:42 PM MDT,S01,LUP,10,10,10,10,10,10,10
137,Assembly,S01,LUP_posture.csv,2,hands_only,"[15, 16, 17, 18, 19, 20, 21, 22]",0.309861675,0.318100274,0.309861675,23.95959596,33.12815604,105,38.42791284,LUP,2023/07/26 2:39:42 PM MDT,S01,LUP,10,10,10,10,10,10,10
138,Assembly,S01,LUP_posture.csv,2,upper_body,"[11, 12, 13, 14, 15, 16, 17, 18, 19, 20, 21, 22]",0.384169729,0.418218528,0.384169729,35.93939394,41.41502478,128,55.11240389,LUP,2023/07/26 2:39:42 PM MDT,S01,LUP,10,10,10,10,10,10,10
139,Assembly,S01,LUP_posture.csv,2,lower_body,"[23, 24, 25, 26, 27, 28, 29, 30, 31, 32]",0.322681586,0.373543209,0.322681586,29.94949495,33.77442654,117,46.74460544,LUP,2023/07/26 2:39:42 PM MDT,S01,LUP,10,10,10,10,10,10,10
140,Assembly,S01,LUP_posture.csv,4,full,"[0, 1, 2, 3, 4, 5, 6, 7, 8, 9, 10, 11, 12, 13, 14, 15, 16, 17, 18, 19, 20, 21, 22, 23, 24, 25, 26, 27, 28, 29, 30, 31, 32]",1.207763488,1.727533065,1.207763488,98.83277026,60.08587242,90,151.8027804,LUP,2023/07/26 2:39:42 PM MDT,S01,LUP,10,10,10,10,10,10,10
141,Assembly,S01,LUP_posture.csv,4,hands_only,"[15, 16, 17, 18, 19, 20, 21, 22]",0.441893476,0.500946085,0.441893476,23.95945946,27.9784022,117,38.4350683,LUP,2023/07/26 2:39:42 PM MDT,S01,LUP,10,10,10,10,10,10,10
142,Assembly,S01,LUP_posture.csv,4,upper_body,"[11, 12, 13, 14, 15, 16, 17, 18, 19, 20, 21, 22]",0.551764372,0.666677183,0.551764372,35.93918919,35.74779978,130,55.12737169,LUP,2023/07/26 2:39:42 PM MDT,S01,LUP,10,10,10,10,10,10,10
143,Assembly,S01,LUP_posture.csv,4,lower_body,"[23, 24, 25, 26, 27, 28, 29, 30, 31, 32]",0.401528753,0.520124404,0.401528753,29.94932432,27.58531231,130,46.75529219,LUP,2023/07/26 2:39:42 PM MDT,S01,LUP,10,10,10,10,10,10,10
144,Assembly,S01,LGP_posture.csv,1,full,"[0, 1, 2, 3, 4, 5, 6, 7, 8, 9, 10, 11, 12, 13, 14, 15, 16, 17, 18, 19, 20, 21, 22, 23, 24, 25, 26, 27, 28, 29, 30, 31, 32]",0.700723743,0.74628878,0.700723743,98.90360273,99.70536965,242,138.2698029,LGP,2023/07/26 2:37:26 PM MDT,S01,LGP,10,20,10,10,10,10,11.66666667
145,Assembly,S01,LGP_posture.csv,1,hands_only,"[15, 16, 17, 18, 19, 20, 21, 22]",0.279764135,0.201055866,0.279764135,23.97663096,50.98601071,159,37.55423507,LGP,2023/07/26 2:37:26 PM MDT,S01,LGP,10,20,10,10,10,10,11.66666667
146,Assembly,S01,LGP_posture.csv,1,upper_body,"[11, 12, 13, 14, 15, 16, 17, 18, 19, 20, 21, 22]",0.333476863,0.266562492,0.333476863,35.96494645,69.34990249,178,53.30334212,LGP,2023/07/26 2:37:26 PM MDT,S01,LGP,10,20,10,10,10,10,11.66666667
147,Assembly,S01,LGP_posture.csv,1,lower_body,"[23, 24, 25, 26, 27, 28, 29, 30, 31, 32]",0.283002617,0.27450445,0.283002617,29.9707887,48.20743334,190,45.44634653,LGP,2023/07/26 2:37:26 PM MDT,S01,LGP,10,20,10,10,10,10,11.66666667
148,Assembly,S01,LGP_posture.csv,2,full,"[0, 1, 2, 3, 4, 5, 6, 7, 8, 9, 10, 11, 12, 13, 14, 15, 16, 17, 18, 19, 20, 21, 22, 23, 24, 25, 26, 27, 28, 29, 30, 31, 32]",1.007606022,1.172882004,1.007606022,98.90350882,84.40781698,240,138.2862012,LGP,2023/07/26 2:37:26 PM MDT,S01,LGP,10,20,10,10,10,10,11.66666667
149,Assembly,S01,LGP_posture.csv,2,hands_only,"[15, 16, 17, 18, 19, 20, 21, 22]",0.395622732,0.325175651,0.395622732,23.97660819,41.11270022,171,37.55537819,LGP,2023/07/26 2:37:26 PM MDT,S01,LGP,10,20,10,10,10,10,11.66666667
150,Assembly,S01,LGP_posture.csv,2,upper_body,"[11, 12, 13, 14, 15, 16, 17, 18, 19, 20, 21, 22]",0.479338966,0.432942289,0.479338966,35.96491228,55.79513361,197,53.30568533,LGP,2023/07/26 2:37:26 PM MDT,S01,LGP,10,20,10,10,10,10,11.66666667
151,Assembly,S01,LGP_posture.csv,2,lower_body,"[23, 24, 25, 26, 27, 28, 29, 30, 31, 32]",0.384604323,0.405253481,0.384604323,29.97076023,39.46585576,195,45.44803666,LGP,2023/07/26 2:37:26 PM MDT,S01,LGP,10,20,10,10,10,10,11.66666667
152,Assembly,S01,LGP_posture.csv,4,full,"[0, 1, 2, 3, 4, 5, 6, 7, 8, 9, 10, 11, 12, 13, 14, 15, 16, 17, 18, 19, 20, 21, 22, 23, 24, 25, 26, 27, 28, 29, 30, 31, 32]",1.466236274,1.847890019,1.466236274,98.90332024,72.38623539,238,138.3191053,LGP,2023/07/26 2:37:26 PM MDT,S01,LGP,10,20,10,10,10,10,11.66666667
153,Assembly,S01,LGP_posture.csv,4,hands_only,"[15, 16, 17, 18, 19, 20, 21, 22]",0.563214197,0.511442179,0.563214197,23.9765625,34.68328117,173,37.55767131,LGP,2023/07/26 2:37:26 PM MDT,S01,LGP,10,20,10,10,10,10,11.66666667
154,Assembly,S01,LGP_posture.csv,4,upper_body,"[11, 12, 13, 14, 15, 16, 17, 18, 19, 20, 21, 22]",0.690035227,0.690566601,0.690035227,35.96484375,46.45197684,198,53.31038607,LGP,2023/07/26 2:37:26 PM MDT,S01,LGP,10,20,10,10,10,10,11.66666667
155,Assembly,S01,LGP_posture.csv,4,lower_body,"[23, 24, 25, 26, 27, 28, 29, 30, 31, 32]",0.518307976,0.58813685,0.518307976,29.97070312,32.84518596,203,45.45142719,LGP,2023/07/26 2:37:26 PM MDT,S01,LGP,10,20,10,10,10,10,11.66666667
156,Assembly,S01,SUP_posture.csv,1,full,"[0, 1, 2, 3, 4, 5, 6, 7, 8, 9, 10, 11, 12, 13, 14, 15, 16, 17, 18, 19, 20, 21, 22, 23, 24, 25, 26, 27, 28, 29, 30, 31, 32]",0.300353992,0.338058062,0.300353992,98.78800854,83.23267624,99,161.7582259,SUP,2023/07/26 2:36:51 PM MDT,S01,SUP,10,10,10,10,10,10,10
157,Assembly,S01,SUP_posture.csv,1,hands_only,"[15, 16, 17, 18, 19, 20, 21, 22]",0.116862681,0.114265646,0.116862681,23.94860814,32.33170517,84,39.01205489,SUP,2023/07/26 2:36:51 PM MDT,S01,SUP,10,10,10,10,10,10,10
158,Assembly,S01,SUP_posture.csv,1,upper_body,"[11, 12, 13, 14, 15, 16, 17, 18, 19, 20, 21, 22]",0.151618676,0.151734676,0.151618676,35.92291221,42.92396678,102,56.3425391,SUP,2023/07/26 2:36:51 PM MDT,S01,SUP,10,10,10,10,10,10,10
159,Assembly,S01,SUP_posture.csv,1,lower_body,"[23, 24, 25, 26, 27, 28, 29, 30, 31, 32]",0.044776666,0.054486108,0.044776666,29.93576017,41.04541292,73,47.61993326,SUP,2023/07/26 2:36:51 PM MDT,S01,SUP,10,10,10,10,10,10,10
160,Assembly,S01,SUP_posture.csv,2,full,"[0, 1, 2, 3, 4, 5, 6, 7, 8, 9, 10, 11, 12, 13, 14, 15, 16, 17, 18, 19, 20, 21, 22, 23, 24, 25, 26, 27, 28, 29, 30, 31, 32]",0.408409262,0.533464245,0.408409262,98.78755371,69.07883776,87,161.8658868,SUP,2023/07/26 2:36:51 PM MDT,S01,SUP,10,10,10,10,10,10,10
161,Assembly,S01,SUP_posture.csv,2,hands_only,"[15, 16, 17, 18, 19, 20, 21, 22]",0.16898377,0.181406335,0.16898377,23.94849785,26.61757488,91,39.01800266,SUP,2023/07/26 2:36:51 PM MDT,S01,SUP,10,10,10,10,10,10,10
162,Assembly,S01,SUP_posture.csv,2,upper_body,"[11, 12, 13, 14, 15, 16, 17, 18, 19, 20, 21, 22]",0.213325116,0.239823898,0.213325116,35.92274678,36.24918021,100,56.35515058,SUP,2023/07/26 2:36:51 PM MDT,S01,SUP,10,10,10,10,10,10,10
163,Assembly,S01,SUP_posture.csv,2,lower_body,"[23, 24, 25, 26, 27, 28, 29, 30, 31, 32]",0.064410715,0.087563176,0.064410715,29.93562232,33.53608592,74,47.62887624,SUP,2023/07/26 2:36:51 PM MDT,S01,SUP,10,10,10,10,10,10,10
164,Assembly,S01,SUP_posture.csv,4,full,"[0, 1, 2, 3, 4, 5, 6, 7, 8, 9, 10, 11, 12, 13, 14, 15, 16, 17, 18, 19, 20, 21, 22, 23, 24, 25, 26, 27, 28, 29, 30, 31, 32]",0.545472373,0.768205538,0.545472373,98.78663793,55.08018149,65,162.0830219,SUP,2023/07/26 2:36:51 PM MDT,S01,SUP,10,10,10,10,10,10,10
165,Assembly,S01,SUP_posture.csv,4,hands_only,"[15, 16, 17, 18, 19, 20, 21, 22]",0.225609328,0.266723037,0.225609328,23.94827586,23.37127741,88,39.0299803,SUP,2023/07/26 2:36:51 PM MDT,S01,SUP,10,10,10,10,10,10,10
166,Assembly,S01,SUP_posture.csv,4,upper_body,"[11, 12, 13, 14, 15, 16, 17, 18, 19, 20, 21, 22]",0.282142987,0.350538744,0.282142987,35.92241379,32.10883903,100,56.38055293,SUP,2023/07/26 2:36:51 PM MDT,S01,SUP,10,10,10,10,10,10,10
167,Assembly,S01,SUP_posture.csv,4,lower_body,"[23, 24, 25, 26, 27, 28, 29, 30, 31, 32]",0.082071434,0.129001765,0.082071434,29.93534483,28.18834134,67,47.64688748,SUP,2023/07/26 2:36:51 PM MDT,S01,SUP,10,10,10,10,10,10,10
168,Assembly,S01,SGI_posture.csv,1,full,"[0, 1, 2, 3, 4, 5, 6, 7, 8, 9, 10, 11, 12, 13, 14, 15, 16, 17, 18, 19, 20, 21, 22, 23, 24, 25, 26, 27, 28, 29, 30, 31, 32]",0.318462525,0.302180203,0.318462525,98.9283647,113.9508671,312,134.0756619,SGI,2023/07/26 2:32:49 PM MDT,S01,SGI,10,20,10,10,10,10,11.66666667
169,Assembly,S01,SGI_posture.csv,1,hands_only,"[15, 16, 17, 18, 19, 20, 21, 22]",0.115359849,0.097574878,0.115359849,23.98263386,46.43739029,245,37.25523596,SGI,2023/07/26 2:32:49 PM MDT,S01,SGI,10,20,10,10,10,10,11.66666667
170,Assembly,S01,SGI_posture.csv,1,upper_body,"[11, 12, 13, 14, 15, 16, 17, 18, 19, 20, 21, 22]",0.152374017,0.130040491,0.152374017,35.9739508,65.56250482,271,52.69255301,SGI,2023/07/26 2:32:49 PM MDT,S01,SGI,10,20,10,10,10,10,11.66666667
171,Assembly,S01,SGI_posture.csv,1,lower_body,"[23, 24, 25, 26, 27, 28, 29, 30, 31, 32]",0.043890694,0.047260386,0.043890694,29.97829233,63.49515145,212,45.00502864,SGI,2023/07/26 2:32:49 PM MDT,S01,SGI,10,20,10,10,10,10,11.66666667
172,Assembly,S01,SGI_posture.csv,2,full,"[0, 1, 2, 3, 4, 5, 6, 7, 8, 9, 10, 11, 12, 13, 14, 15, 16, 17, 18, 19, 20, 21, 22, 23, 24, 25, 26, 27, 28, 29, 30, 31, 32]",0.417163827,0.465958633,0.417163827,98.92831286,98.19775253,311,134.0841897,SGI,2023/07/26 2:32:49 PM MDT,S01,SGI,10,20,10,10,10,10,11.66666667
173,Assembly,S01,SGI_posture.csv,2,hands_only,"[15, 16, 17, 18, 19, 20, 21, 22]",0.149569156,0.15065514,0.149569156,23.98262129,38.82151501,252,37.25585761,SGI,2023/07/26 2:32:49 PM MDT,S01,SGI,10,20,10,10,10,10,11.66666667
174,Assembly,S01,SGI_posture.csv,2,upper_body,"[11, 12, 13, 14, 15, 16, 17, 18, 19, 20, 21, 22]",0.197583928,0.201046962,0.197583928,35.97393193,56.4415713,283,52.69381856,SGI,2023/07/26 2:32:49 PM MDT,S01,SGI,10,20,10,10,10,10,11.66666667
175,Assembly,S01,SGI_posture.csv,2,lower_body,"[23, 24, 25, 26, 27, 28, 29, 30, 31, 32]",0.057889778,0.07456513,0.057889778,29.97827661,52.53379458,228,45.00594462,SGI,2023/07/26 2:32:49 PM MDT,S01,SGI,10,20,10,10,10,10,11.66666667
176,Assembly,S01,SGI_posture.csv,4,full,"[0, 1, 2, 3, 4, 5, 6, 7, 8, 9, 10, 11, 12, 13, 14, 15, 16, 17, 18, 19, 20, 21, 22, 23, 24, 25, 26, 27, 28, 29, 30, 31, 32]",0.526629632,0.680943663,0.526629632,98.92820879,82.3464827,332,134.1012857,SGI,2023/07/26 2:32:49 PM MDT,S01,SGI,10,20,10,10,10,10,11.66666667
177,Assembly,S01,SGI_posture.csv,4,hands_only,"[15, 16, 17, 18, 19, 20, 21, 22]",0.1798296,0.220247732,0.1798296,23.98259608,32.06730786,283,37.25710369,SGI,2023/07/26 2:32:49 PM MDT,S01,SGI,10,20,10,10,10,10,11.66666667
178,Assembly,S01,SGI_posture.csv,4,upper_body,"[11, 12, 13, 14, 15, 16, 17, 18, 19, 20, 21, 22]",0.236980846,0.294555104,0.236980846,35.97389413,47.32756773,309,52.69635534,SGI,2023/07/26 2:32:49 PM MDT,S01,SGI,10,20,10,10,10,10,11.66666667
179,Assembly,S01,SGI_posture.csv,4,lower_body,"[23, 24, 25, 26, 27, 28, 29, 30, 31, 32]",0.075137237,0.108047682,0.075137237,29.97824511,44.81640033,250,45.00778067,SGI,2023/07/26 2:32:49 PM MDT,S01,SGI,10,20,10,10,10,10,11.66666667
180,Assembly,S01,LUI_posture.csv,1,full,"[0, 1, 2, 3, 4, 5, 6, 7, 8, 9, 10, 11, 12, 13, 14, 15, 16, 17, 18, 19, 20, 21, 22, 23, 24, 25, 26, 27, 28, 29, 30, 31, 32]",0.615445884,0.769059651,0.615445884,98.8573487,91.93173504,145,146.8257739,LUI,2023/07/26 2:36:28 PM MDT,S01,LUI,10,10,10,10,10,10,10
181,Assembly,S01,LUI_posture.csv,1,hands_only,"[15, 16, 17, 18, 19, 20, 21, 22]",0.202893006,0.207416311,0.202893006,23.96541787,39.36801579,108,38.12504551,LUI,2023/07/26 2:36:28 PM MDT,S01,LUI,10,10,10,10,10,10,10
182,Assembly,S01,LUI_posture.csv,1,upper_body,"[11, 12, 13, 14, 15, 16, 17, 18, 19, 20, 21, 22]",0.249870865,0.272126206,0.249870865,35.9481268,51.14476504,117,54.48113571,LUI,2023/07/26 2:36:28 PM MDT,S01,LUI,10,10,10,10,10,10,10
183,Assembly,S01,LUI_posture.csv,1,lower_body,"[23, 24, 25, 26, 27, 28, 29, 30, 31, 32]",0.268259967,0.275412353,0.268259967,29.95677233,44.49616315,119,46.29307563,LUI,2023/07/26 2:36:28 PM MDT,S01,LUI,10,10,10,10,10,10,10
184,Assembly,S01,LUI_posture.csv,2,full,"[0, 1, 2, 3, 4, 5, 6, 7, 8, 9, 10, 11, 12, 13, 14, 15, 16, 17, 18, 19, 20, 21, 22, 23, 24, 25, 26, 27, 28, 29, 30, 31, 32]",0.909247937,1.197958057,0.909247937,98.85714282,77.28395717,142,146.8661425,LUI,2023/07/26 2:36:28 PM MDT,S01,LUI,10,10,10,10,10,10,10
185,Assembly,S01,LUI_posture.csv,2,hands_only,"[15, 16, 17, 18, 19, 20, 21, 22]",0.287453883,0.323782633,0.287453883,23.96536797,33.00775807,113,38.12762237,LUI,2023/07/26 2:36:28 PM MDT,S01,LUI,10,10,10,10,10,10,10
186,Assembly,S01,LUI_posture.csv,2,upper_body,"[11, 12, 13, 14, 15, 16, 17, 18, 19, 20, 21, 22]",0.363122553,0.429211115,0.363122553,35.94805195,43.4296459,120,54.48648803,LUI,2023/07/26 2:36:28 PM MDT,S01,LUI,10,10,10,10,10,10,10
187,Assembly,S01,LUI_posture.csv,2,lower_body,"[23, 24, 25, 26, 27, 28, 29, 30, 31, 32]",0.365286803,0.404035677,0.365286803,29.95670996,35.48973227,130,46.29691072,LUI,2023/07/26 2:36:28 PM MDT,S01,LUI,10,10,10,10,10,10,10
188,Assembly,S01,LUI_posture.csv,4,full,"[0, 1, 2, 3, 4, 5, 6, 7, 8, 9, 10, 11, 12, 13, 14, 15, 16, 17, 18, 19, 20, 21, 22, 23, 24, 25, 26, 27, 28, 29, 30, 31, 32]",1.312927689,1.839517506,1.312927689,98.85672934,66.57885305,131,146.9472953,LUI,2023/07/26 2:36:28 PM MDT,S01,LUI,10,10,10,10,10,10,10
189,Assembly,S01,LUI_posture.csv,4,hands_only,"[15, 16, 17, 18, 19, 20, 21, 22]",0.423682827,0.518522945,0.423682827,23.96526773,27.96612482,113,38.13279947,LUI,2023/07/26 2:36:28 PM MDT,S01,LUI,10,10,10,10,10,10,10
190,Assembly,S01,LUI_posture.csv,4,upper_body,"[11, 12, 13, 14, 15, 16, 17, 18, 19, 20, 21, 22]",0.543527046,0.690187825,0.543527046,35.94790159,37.51939957,115,54.49724219,LUI,2023/07/26 2:36:28 PM MDT,S01,LUI,10,10,10,10,10,10,10
191,Assembly,S01,LUI_posture.csv,4,lower_body,"[23, 24, 25, 26, 27, 28, 29, 30, 31, 32]",0.446984835,0.56093372,0.446984835,29.95658466,29.92114179,136,46.30461602,LUI,2023/07/26 2:36:28 PM MDT,S01,LUI,10,10,10,10,10,10,10